,企业名称,状态,网址
0,ACI（天津）模具有限公司,0,https://www.tianyancha.com/company/470443937
1,BPW（梅州）车轴有限公司,0,https://www.tianyancha.com/company/1337294643
2,ECCO（厦门）有限公司,0,https://www.tianyancha.com/company/2385118364
3,LG化学（广州）工程塑料有限公司,0,https://www.tianyancha.com/company/2350693667
4,MI能源公司,0,https://www.tianyancha.com/company/3172026349
5,NEC东金电子（厦门）有限公司,0,https://www.tianyancha.com/company/3056170930
6,NGK唐山电瓷有限公司,0,https://www.tianyancha.com/company/2316279000
7,NGK（苏州）环保陶瓷有限公司,0,https://www.tianyancha.com/company/2350348382
8,NGK（苏州）精细陶瓷器具有限公司,2,-
9,PPG涂料（天津）有限公司,0,https://www.tianyancha.com/company/765839397
10,SEW传动设备（天津）有限公司,2,-
11,SEW传动设备（苏州）有限公司,2,-
12,SMC（中国）有限公司,2,-
13,SMC（北京）制造有限公司,0,https://www.tianyancha.com/company/18496332
14,SMC台山华夏电器有限公司,2,-
15,TCC宁波佳酿有限公司,2,-
16,TCL海外电子（惠州）有限公司,0,https://www.tianyancha.com/company/1416542069
17,TCL王牌电器（南昌）有限公司,0,https://www.tianyancha.com/company/2334952687
18,TCL王牌电器（惠州）有限公司,2,-
19,TCL瑞智（惠州）制冷设备有限公司,2,-
20,TCL移动通信（呼和浩特）有限公司,1,-
21,TCL空调器（中山）有限公司,0,https://www.tianyancha.com/company/1143230669
22,TCL空调器（武汉）有限公司,2,-
23,TCL通力电子（惠州）有限公司,0,https://www.tianyancha.com/company/1143238304
24,TDK大连电子有限公司,0,https://www.tianyancha.com/company/2350472113
25,TDK（苏州）电子有限公司,0,https://www.tianyancha.com/company/1107771036
26,TOWA半导体设备（苏州）有限公司,0,https://www.tianyancha.com/company/2350737592
27,UT斯达康（中国）有限公司,2,-
28,UT斯达康通讯有限公司,0,https://www.tianyancha.com/company/39000354
29,一山电子（沈阳）有限公司,0,https://www.tianyancha.com/company/1062706402
30,一平浪煤矿,0,https://www.tianyancha.com/company/300823431
31,一心贺卡（番禺南沙）有限公司,0,https://www.tianyancha.com/company/1373696018
32,一汽光洋转向装置有限公司,0,https://www.tianyancha.com/company/235962601
33,一汽实业绥中改装车厂,0,https://www.tianyancha.com/company/527506338
34,一汽山东汽车改装厂,0,https://www.tianyancha.com/company/191523873
35,一汽杰克赛尔空调有限公司,2,-
36,一汽红塔云南汽车制造有限公司,0,https://www.tianyancha.com/company/2404124999
37,一汽红塔云南汽车配件有限公司,0,https://www.tianyancha.com/company/590808265
38,一汽集团公司制泵配件厂,2,-
39,一胜百模具技术（上海）有限公司,0,https://www.tianyancha.com/company/613687061
40,七台河市东方化工有限公司,0,https://www.tianyancha.com/company/404771363
41,七台河市兴发洗煤有限公司,0,https://www.tianyancha.com/company/474878273
42,七台河市兴达保温材料厂,0,https://www.tianyancha.com/company/473298964
43,七台河市双叶家具实业有限公司,0,https://www.tianyancha.com/company/87420467
44,七台河市吉伟煤焦有限公司,0,https://www.tianyancha.com/company/743752254
45,七台河市吉祥煤炭有限公司,0,https://www.tianyancha.com/company/373592512
46,七台河市向阳洗煤化工有限公司,0,https://www.tianyancha.com/company/475336945
47,七台河市坤达矿业精煤有限公司,2,-
48,七台河市德利电力有限公司,0,https://www.tianyancha.com/company/354633699
49,七台河市慧泉电力燃料有限公司,0,https://www.tianyancha.com/company/263324299
50,七台河市海外化工有限公司,2,-
51,七台河市源达煤炭化工有限公司,0,https://www.tianyancha.com/company/776549792
52,七台河市热力公司,0,https://www.tianyancha.com/company/2313607181
53,七台河矿业精煤集团有限公司,2,-
54,七台河市纬地水泥有限公司,2,-
55,七台河市美华焦化有限公司,0,https://www.tianyancha.com/company/432927736
56,七台河市茄子河煤炭实业有限公司,0,https://www.tianyancha.com/company/428617485
57,七台河市鑫泰机械制造有限公司,0,https://www.tianyancha.com/company/771681530
58,七台河市隆鹏煤炭发展有限公司,0,https://www.tianyancha.com/company/177428589
59,七台河市鹿山优质煤有限公司,0,https://www.tianyancha.com/company/392464121
60,万丰奥特控股集团有限公司,0,https://www.tianyancha.com/company/40327692
61,万丰电机（宁波）有限公司,0,https://www.tianyancha.com/company/66125969
62,万事达集团有限公司,0,https://www.tianyancha.com/company/67551078
63,万佳五金玩具（深圳）有限公司,0,https://www.tianyancha.com/company/2345138713
64,万佳（珠海）磁性材料科技有限公司,0,https://www.tianyancha.com/company/1044641712
65,万兴（佛冈）玩具有限公司,0,https://www.tianyancha.com/company/1534233752
66,万冠塑胶（苏州工业园区）有限公司,0,https://www.tianyancha.com/company/2349704102
67,万利升电子（深圳）有限公司,0,https://www.tianyancha.com/company/2349066653
68,万利达服装（深圳）有限公司,0,https://www.tianyancha.com/company/2349066540
69,万华普曼生物工程有限公司,0,https://www.tianyancha.com/company/23661405
70,万可电子（天津）有限公司,0,https://www.tianyancha.com/company/586005317
71,万向硅峰电子股份有限公司,1,-
72,万向钱潮（桂林）汽车底盘部件有限公司,0,https://www.tianyancha.com/company/3214847273
73,万向集团公司,0,https://www.tianyancha.com/company/37750503
74,万基钢管（秦皇岛）有限公司,0,https://www.tianyancha.com/company/2344792693
75,万大塑胶（深圳）有限公司,0,https://www.tianyancha.com/company/2346118894
76,万威电讯（深圳）有限公司,1,-
77,万安县万明水泥有限公司,0,https://www.tianyancha.com/company/824348234
78,万安县华晶电子有限公司,0,https://www.tianyancha.com/company/795711391
79,万安县水晶厂,0,https://www.tianyancha.com/company/360669132
80,万安集团有限公司,0,https://www.tianyancha.com/company/14929115
81,万宝冷机集团广州电器有限公司,0,https://www.tianyancha.com/company/2322522348
82,万宝至马达大连有限公司,0,https://www.tianyancha.com/company/244221590
83,万家电器集团有限公司,0,https://www.tianyancha.com/company/53997387
84,万家鑫（福建）皮塑鞋材有限公司,0,https://www.tianyancha.com/company/267257267
85,万寿家（天津）食品有限公司,0,https://www.tianyancha.com/company/2344820103
86,万山特区供电局,1,-
87,万州日报印刷厂,0,https://www.tianyancha.com/company/306449966
88,万成塑胶制品（深圳）有限公司,1,-
89,万新塑胶制品（天津）有限公司,0,https://www.tianyancha.com/company/489580887
90,万新服装（深圳）有限公司,0,https://www.tianyancha.com/company/2349068918
91,万昌五金模具（东莞）有限公司,0,https://www.tianyancha.com/company/2317524496
92,万机仪器（中国）有限公司,0,https://www.tianyancha.com/company/2350349276
93,万松高精工（深圳）有限公司,0,https://www.tianyancha.com/company/2357803899
94,万母（福州）服装服饰有限公司,1,-
95,万泰机电工业（昆山）有限公司,0,https://www.tianyancha.com/company/2349069168
96,万泰磁电（深圳）有限公司,0,https://www.tianyancha.com/company/2354806827
97,万海能源开发（海城）有限公司,0,https://www.tianyancha.com/company/1073412383
98,万源市同兴煤矿,0,https://www.tianyancha.com/company/1014199248
99,万源市川江贵华选洗煤厂,2,-
100,万源市巴山建材有限公司,1,-
101,万源市康星饮料矿泉水有限公司,2,-
102,万源市沙滩镇关田坝煤矿,0,https://www.tianyancha.com/company/398070397
103,万源油品涂料（深圳）有限公司,0,https://www.tianyancha.com/company/2349069377
104,万源市金桥建材有限公司,1,-
