企业名称,状态,网址
ACI（天津）模具有限公司,0,https://www.tianyancha.com/company/470443937
BPW（梅州）车轴有限公司,0,https://www.tianyancha.com/company/1337294643
ECCO（厦门）有限公司,0,https://www.tianyancha.com/company/2385118364
LG化学（广州）工程塑料有限公司,0,https://www.tianyancha.com/company/2350693667
MI能源公司,0,https://www.tianyancha.com/company/3172026349
NEC东金电子（厦门）有限公司,0,https://www.tianyancha.com/company/3056170930
NGK唐山电瓷有限公司,0,https://www.tianyancha.com/company/2316279000
NGK（苏州）环保陶瓷有限公司,0,https://www.tianyancha.com/company/2350348382
NGK（苏州）精细陶瓷器具有限公司,2,-
PPG涂料（天津）有限公司,0,https://www.tianyancha.com/company/765839397
SEW传动设备（天津）有限公司,2,-
SEW传动设备（苏州）有限公司,2,-
SMC（中国）有限公司,2,-
SMC（北京）制造有限公司,0,https://www.tianyancha.com/company/18496332
SMC台山华夏电器有限公司,2,-
TCC宁波佳酿有限公司,2,-
TCL海外电子（惠州）有限公司,0,https://www.tianyancha.com/company/1416542069
TCL王牌电器（南昌）有限公司,0,https://www.tianyancha.com/company/2334952687
TCL王牌电器（惠州）有限公司,2,-
TCL瑞智（惠州）制冷设备有限公司,2,-
